{"cameraMode":{"drawMode":0,"name":"Shaded","section":"Shading Mode"},"sceneLighting":false,"audioPlay":false,"sceneViewState":{"m_AlwaysRefresh":false,"showFog":true,"showSkybox":false,"showFlares":true,"showImageEffects":true,"showParticleSystems":true,"showVisualEffectGraphs":true,"m_FxEnabled":true},"in2DMode":false,"pivot":{"x":-0.000049600377678871155,"y":1.007434368133545,"z":0.31864380836486819},"rotation":{"x":-0.0014854941982775927,"y":0.9652620553970337,"z":-0.2612401247024536,"w":-0.005500872619450092},"size":1.4361406564712525,"orthographic":false}